{"cameraMode":{"drawMode":0,"name":"Shaded","section":"Shading Mode"},"sceneLighting":true,"audioPlay":false,"sceneViewState":{"m_AlwaysRefresh":false,"showFog":true,"showSkybox":true,"showFlares":true,"showImageEffects":true,"showParticleSystems":true,"showVisualEffectGraphs":true,"m_FxEnabled":true},"in2DMode":false,"pivot":{"x":15.33897590637207,"y":10.119844436645508,"z":4.087953567504883},"rotation":{"x":0.02028477191925049,"y":0.9704235792160034,"z":-0.22395485639572144,"w":0.08787078410387039},"size":10.86129093170166,"orthographic":false}